fold,ipcw,cindex
1,0.6968123512453508,0.737398731947869
2,0.6642496453924145,0.7071162499889924
3,0.7052185384729219,0.7288766094226845
4,0.705845766367744,0.7325809664722891
5,0.7089480495796432,0.723030114509011
